2026-08-01T00:00:00Z	0.412600
2026-08-01T06:00:00Z	0.413000
2026-08-01T11:00:00Z	0.414800
2026-08-01T17:00:00Z	0.414400
2026-08-01T20:00:00Z	0.414600
2026-08-02T00:00:00Z	0.415200
2026-08-02T07:00:00Z	0.416500
2026-08-02T12:00:00Z	0.416500
2026-08-02T16:00:00Z	0.416600
2026-08-02T23:00:00Z	0.418000
2026-08-03T06:00:00Z	0.419100
2026-08-03T09:00:00Z	0.419100
2026-08-03T15:00:00Z	0.419300
2026-08-03T21:00:00Z	0.420100
2026-08-04T03:00:00Z	0.420100
2026-08-04T08:00:00Z	0.421700
2026-08-04T11:00:00Z	0.421700
2026-08-04T17:00:00Z	0.422700
2026-08-04T21:00:00Z	0.422700
2026-08-05T04:00:00Z	0.421000
2026-08-05T10:00:00Z	0.423200
2026-08-05T13:00:00Z	0.426000
2026-08-05T21:00:00Z	0.428100
2026-08-06T02:00:00Z	0.428800
2026-08-06T05:00:00Z	0.428800
2026-08-06T11:00:00Z	0.430800
2026-08-06T19:00:00Z	0.429000
2026-08-07T01:00:00Z	0.428600
2026-08-07T04:00:00Z	0.427100
2026-08-07T12:00:00Z	0.424300
2026-08-07T15:00:00Z	0.424600
2026-08-07T21:00:00Z	0.424200
2026-08-08T02:00:00Z	0.423800
2026-08-08T10:00:00Z	0.425300
2026-08-08T17:00:00Z	0.426600
2026-08-09T02:00:00Z	0.423500
2026-08-09T06:00:00Z	0.423500
2026-08-09T09:00:00Z	0.422400
2026-08-09T15:00:00Z	0.423600
2026-08-09T20:00:00Z	0.425200
2026-08-10T04:00:00Z	0.425700
2026-08-10T11:00:00Z	0.427300
2026-08-10T14:00:00Z	0.427100
2026-08-10T19:00:00Z	0.426800
2026-08-11T01:00:00Z	0.425600
2026-08-11T09:00:00Z	0.423900
2026-08-11T18:00:00Z	0.422000
2026-08-11T22:00:00Z	0.421500
2026-08-12T03:00:00Z	0.421500
2026-08-12T12:00:00Z	0.422400
2026-08-12T18:00:00Z	0.421200
2026-08-13T00:00:00Z	0.419700
2026-08-13T04:00:00Z	0.417700
2026-08-13T11:00:00Z	0.417400
2026-08-13T16:00:00Z	0.416100
2026-08-13T19:00:00Z	0.414100
2026-08-14T02:00:00Z	0.412600
2026-08-14T11:00:00Z	0.410700
2026-08-14T17:00:00Z	0.406200
2026-08-14T21:00:00Z	0.406200
2026-08-15T00:00:00Z	0.403100
2026-08-15T07:00:00Z	0.403300
2026-08-15T11:00:00Z	0.403300
2026-08-15T20:00:00Z	0.404700
2026-08-16T02:00:00Z	0.407300
2026-08-16T09:00:00Z	0.415300
2026-08-16T18:00:00Z	0.419900
2026-08-17T02:00:00Z	0.420400
2026-08-17T09:00:00Z	0.430200
2026-08-17T15:00:00Z	0.434400
2026-08-18T00:00:00Z	0.436100
2026-08-18T08:00:00Z	0.441000
2026-08-18T13:00:00Z	0.440000
2026-08-18T18:00:00Z	0.440000
2026-08-18T21:00:00Z	0.439400
2026-08-19T01:00:00Z	0.439400
2026-08-19T09:00:00Z	0.437500
2026-08-19T15:00:00Z	0.436000
2026-08-19T19:00:00Z	0.435000
2026-08-19T23:00:00Z	0.435000
2026-08-20T03:00:00Z	0.434800
2026-08-20T06:00:00Z	0.434100
2026-08-20T15:00:00Z	0.431800
2026-08-20T19:00:00Z	0.429600
2026-08-21T00:00:00Z	0.428100
2026-08-21T06:00:00Z	0.424600
2026-08-21T10:00:00Z	0.421900
2026-08-21T15:00:00Z	0.421400
2026-08-21T18:00:00Z	0.417600
2026-08-21T21:00:00Z	0.411700
2026-08-22T05:00:00Z	0.409900
2026-08-22T12:00:00Z	0.408500
2026-08-22T17:00:00Z	0.410800
2026-08-22T20:00:00Z	0.411000
2026-08-23T02:00:00Z	0.406700
2026-08-23T05:00:00Z	0.406300
2026-08-23T09:00:00Z	0.404200
2026-08-23T14:00:00Z	0.402500
2026-08-23T18:00:00Z	0.401300
2026-08-24T01:00:00Z	0.397700
2026-08-24T10:00:00Z	0.394600
2026-08-24T14:00:00Z	0.391600
2026-08-24T20:00:00Z	0.390100
2026-08-25T00:00:00Z	0.384400
2026-08-25T08:00:00Z	0.383400
2026-08-25T17:00:00Z	0.382400
2026-08-26T01:00:00Z	0.381600
2026-08-26T04:00:00Z	0.380900
2026-08-26T07:00:00Z	0.380300
2026-08-26T14:00:00Z	0.376000
2026-08-26T21:00:00Z	0.374700
2026-08-27T00:00:00Z	0.371800
2026-08-27T04:00:00Z	0.372700
2026-08-27T08:00:00Z	0.375800
2026-08-27T14:00:00Z	0.376000
2026-08-27T17:00:00Z	0.378200
2026-08-27T21:00:00Z	0.379200
2026-08-28T04:00:00Z	0.380200
2026-08-28T12:00:00Z	0.380000
2026-08-28T20:00:00Z	0.380200
2026-08-29T04:00:00Z	0.382700
2026-08-29T10:00:00Z	0.381500
2026-08-29T15:00:00Z	0.377600
2026-08-29T22:00:00Z	0.377800
2026-08-30T07:00:00Z	0.371500
2026-08-30T11:00:00Z	0.371000
2026-08-30T15:00:00Z	0.366900
2026-08-30T20:00:00Z	0.363100
2026-08-30T23:00:00Z	0.361200
2026-08-31T04:00:00Z	0.356900
2026-08-31T13:00:00Z	0.353200
2026-08-31T20:00:00Z	0.349900
